cluster_ID,files,title,description
0,org.apache.hadoop.mapreduce.Cluster; org.apache.hadoop.mapreduce.Job; org.apache.hadoop.mapreduce.JobSubmissionFiles; org.apache.hadoop.mapreduce.protocol.ClientProtocolProvider,Apache Hadoop MapReduce Cluster,"The Apache Hadoop MapReduce framework provides a class called ""Cluster"" that allows access to information about the map/reduce cluster. The class includes methods for initializing the cluster, closing the cluster, and getting job information. The ""Cluster"" class has the following key components: Initialization, Close, Job Information. The class also includes other methods for getting the staging area directory, system directory, job history directory, and other cluster information. The ""Job"" class provides a comprehensive API for submitting and managing MapReduce jobs in the Apache Hadoop framework. The ""JobSubmissionFiles"" class is a utility for managing job submission files. It includes methods for getting various paths related to job submission, such as the job split file, job split meta file, job conf path, job jar path, and paths for distributed cache files, log4j properties, archives, and libjars. The ""ClientProtocolProvider"" class is an abstract class that provides methods for creating and closing client protocols. The create method takes a Configuration object as input and returns a ClientProtocol object. The create method also takes an InetSocketAddress object and a Configuration object as input and returns a ClientProtocol object. The close method takes a ClientProtocol object as input and throws an IOException."
1,org.apache.hadoop.mapreduce.Cluster; org.apache.hadoop.mapreduce.CryptoUtils; org.apache.hadoop.mapreduce.Job; org.apache.hadoop.mapreduce.JobACL; org.apache.hadoop.mapreduce.JobContext; org.apache.hadoop.mapreduce.JobID; org.apache.hadoop.mapreduce.JobResourceUploader; org.apache.hadoop.mapreduce.JobStatus; org.apache.hadoop.mapreduce.JobSubmitter; org.apache.hadoop.mapreduce.MapContext; org.apache.hadoop.mapreduce.ReduceContext; org.apache.hadoop.mapreduce.TaskAttemptContext; org.apache.hadoop.mapreduce.TaskAttemptID; org.apache.hadoop.mapreduce.TaskID; org.apache.hadoop.mapreduce.counters.Limits; org.apache.hadoop.mapreduce.filecache.ClientDistributedCacheManager; org.apache.hadoop.mapreduce.filecache.DistributedCache; org.apache.hadoop.mapreduce.lib.input.FileInputFormat; org.apache.hadoop.mapreduce.lib.input.MultipleInputs; org.apache.hadoop.mapreduce.lib.jobcontrol.ControlledJob; org.apache.hadoop.mapreduce.lib.jobcontrol.JobControl; org.apache.hadoop.mapreduce.lib.join.Parser; org.apache.hadoop.mapreduce.lib.map.MultithreadedMapper; org.apache.hadoop.mapreduce.lib.output.FileOutputFormat; org.apache.hadoop.mapreduce.lib.output.MultipleOutputs; org.apache.hadoop.mapreduce.lib.output.PartialFileOutputCommitter; org.apache.hadoop.mapreduce.lib.partition.InputSampler; org.apache.hadoop.mapreduce.lib.partition.KeyFieldBasedComparator; org.apache.hadoop.mapreduce.lib.partition.KeyFieldBasedPartitioner; org.apache.hadoop.mapreduce.lib.partition.KeyFieldHelper; org.apache.hadoop.mapreduce.protocol.ClientProtocol; org.apache.hadoop.mapreduce.security.TokenCache; org.apache.hadoop.mapreduce.split.JobSplit; org.apache.hadoop.mapreduce.split.JobSplitWriter; org.apache.hadoop.mapreduce.split.SplitMetaInfoReader; org.apache.hadoop.mapreduce.task.JobContextImpl; org.apache.hadoop.mapreduce.task.TaskAttemptContextImpl; org.apache.hadoop.mapreduce.task.TaskInputOutputContextImpl; org.apache.hadoop.mapreduce.tools.CLI; org.apache.hadoop.mapreduce.util.MRJobConfUtil,Apache Hadoop MapReduce Cluster,"The Apache Hadoop MapReduce framework provides a ""Cluster"" class that allows access to information about the map/reduce cluster. The class includes methods for initializing the cluster, closing the cluster, and getting job information. It also includes other methods for getting the staging area directory, system directory, job history directory, and other cluster information. The ""Cluster"" class provides a way to access information about the map/reduce cluster and perform various operations on it. Additionally, the code provides various methods to create and initialize an IV (Initialization Vector), determine the crypto padding, and wrap an FSDataOutputStream or InputStream with a CryptoOutputStream or CryptoInputStream, respectively. The code also includes the necessary dependencies and configurations for working with encrypted intermediate data."
2,org.apache.hadoop.mapreduce.ClusterMetrics; org.apache.hadoop.mapreduce.Counter; org.apache.hadoop.mapreduce.FileSystemCounter; org.apache.hadoop.mapreduce.ID; org.apache.hadoop.mapreduce.InputSplit; org.apache.hadoop.mapreduce.JobCounter; org.apache.hadoop.mapreduce.JobPriority; org.apache.hadoop.mapreduce.MRConfig; org.apache.hadoop.mapreduce.MRJobConfig; org.apache.hadoop.mapreduce.MarkableIteratorInterface; org.apache.hadoop.mapreduce.Partitioner; org.apache.hadoop.mapreduce.QueueAclsInfo; org.apache.hadoop.mapreduce.QueueState; org.apache.hadoop.mapreduce.TaskCompletionEvent; org.apache.hadoop.mapreduce.TaskCounter; org.apache.hadoop.mapreduce.TaskTrackerInfo; org.apache.hadoop.mapreduce.TaskType; org.apache.hadoop.mapreduce.checkpoint.CheckpointID; org.apache.hadoop.mapreduce.checkpoint.CheckpointNamingService; org.apache.hadoop.mapreduce.checkpoint.EnumCounter; org.apache.hadoop.mapreduce.counters.CounterGroupFactory; org.apache.hadoop.mapreduce.counters.LimitExceededException; org.apache.hadoop.mapreduce.jobhistory.AMStarted; org.apache.hadoop.mapreduce.jobhistory.AvroArrayUtils; org.apache.hadoop.mapreduce.jobhistory.EventType; org.apache.hadoop.mapreduce.jobhistory.EventWriter; org.apache.hadoop.mapreduce.jobhistory.Events; org.apache.hadoop.mapreduce.jobhistory.HistoryEventHandler; org.apache.hadoop.mapreduce.jobhistory.HistoryViewerPrinter; org.apache.hadoop.mapreduce.jobhistory.JhCounter; org.apache.hadoop.mapreduce.jobhistory.JobInfoChange; org.apache.hadoop.mapreduce.jobhistory.JobInited; org.apache.hadoop.mapreduce.jobhistory.JobPriorityChange; org.apache.hadoop.mapreduce.jobhistory.JobQueueChange; org.apache.hadoop.mapreduce.jobhistory.JobStatusChanged; org.apache.hadoop.mapreduce.jobhistory.JobSubmitted; org.apache.hadoop.mapreduce.jobhistory.JobUnsuccessfulCompletion; org.apache.hadoop.mapreduce.jobhistory.TaskAttemptStarted; org.apache.hadoop.mapreduce.jobhistory.TaskStarted; org.apache.hadoop.mapreduce.jobhistory.TaskUpdated; org.apache.hadoop.mapreduce.lib.aggregate.ValueAggregator; org.apache.hadoop.mapreduce.lib.aggregate.ValueAggregatorDescriptor; org.apache.hadoop.mapreduce.lib.aggregate.ValueAggregatorJob; org.apache.hadoop.mapreduce.lib.db.DBWritable; org.apache.hadoop.mapreduce.lib.db.OracleDateSplitter; org.apache.hadoop.mapreduce.lib.fieldsel.FieldSelectionHelper; org.apache.hadoop.mapreduce.lib.input.InvalidInputException; org.apache.hadoop.mapreduce.lib.input.SplitLineReader; org.apache.hadoop.mapreduce.lib.join.ResetableIterator; org.apache.hadoop.mapreduce.lib.join.StreamBackedIterator; org.apache.hadoop.mapreduce.lib.join.TupleWritable; org.apache.hadoop.mapreduce.lib.output.FileOutputFormat; org.apache.hadoop.mapreduce.lib.output.MapFileOutputFormat; org.apache.hadoop.mapreduce.lib.output.SequenceFileAsBinaryOutputFormat; org.apache.hadoop.mapreduce.lib.output.committer.manifest.ManifestCommitterConstants; org.apache.hadoop.mapreduce.lib.output.committer.manifest.ManifestCommitterStatisticNames; org.apache.hadoop.mapreduce.lib.output.committer.manifest.files.AbstractManifestData; org.apache.hadoop.mapreduce.lib.output.committer.manifest.files.DiagnosticKeys; org.apache.hadoop.mapreduce.lib.output.committer.manifest.files.EntryStatus; org.apache.hadoop.mapreduce.lib.output.committer.manifest.impl.OutputValidationException; org.apache.hadoop.mapreduce.lib.output.committer.manifest.stages.AbstractJobOrTaskStage; org.apache.hadoop.mapreduce.lib.output.committer.manifest.stages.CommitTaskStage; org.apache.hadoop.mapreduce.lib.output.committer.manifest.stages.JobOrTaskStage; org.apache.hadoop.mapreduce.lib.output.committer.manifest.stages.StageEventCallbacks; org.apache.hadoop.mapreduce.lib.partition.InputSampler; org.apache.hadoop.mapreduce.lib.partition.KeyFieldHelper; org.apache.hadoop.mapreduce.lib.partition.TotalOrderPartitioner; org.apache.hadoop.mapreduce.security.SecureShuffleUtils; org.apache.hadoop.mapreduce.security.SpillCallBackInjector; org.apache.hadoop.mapreduce.security.token.JobTokenIdentifier; org.apache.hadoop.mapreduce.security.token.delegation.DelegationTokenIdentifier; org.apache.hadoop.mapreduce.task.annotation.Checkpointable; org.apache.hadoop.mapreduce.task.reduce.ExceptionReporter; org.apache.hadoop.mapreduce.task.reduce.InMemoryWriter; org.apache.hadoop.mapreduce.task.reduce.Shuffle; org.apache.hadoop.mapreduce.task.reduce.ShuffleHeader; org.apache.hadoop.mapreduce.task.reduce.ShuffleScheduler; org.apache.hadoop.mapreduce.util.ConfigUtil; org.apache.hadoop.mapreduce.util.HostUtil; org.apache.hadoop.mapreduce.util.ProcessTree; org.apache.hadoop.mapreduce.util.ResourceBundles; org.apache.hadoop.mapreduce.v2.LogParams,MapReduce Cluster Architecture,"The MapReduce cluster architecture is designed to handle large-scale data processing tasks efficiently. It consists of a JobTracker and a set of TaskTrackers. The JobTracker is responsible for scheduling and monitoring the execution of jobs, while the TaskTrackers execute the tasks assigned by the JobTracker. The architecture is scalable, fault-tolerant, and secure, and it uses Java, Hadoop, YARN, Avro, and Protocol Buffers for communication and data serialization. The cluster plays a crucial role in the overall MapReduce system by managing the execution of jobs and ensuring efficient utilization of resources."
3,org.apache.hadoop.mapreduce.ContextFactory; org.apache.hadoop.mapreduce.lib.chain.Chain; org.apache.hadoop.mapreduce.lib.chain.ChainMapContextImpl; org.apache.hadoop.mapreduce.lib.chain.ChainMapper; org.apache.hadoop.mapreduce.lib.chain.ChainReduceContextImpl; org.apache.hadoop.mapreduce.lib.chain.ChainReducer; org.apache.hadoop.mapreduce.lib.input.DelegatingMapper; org.apache.hadoop.mapreduce.lib.input.TaggedInputSplit; org.apache.hadoop.mapreduce.lib.map.MultithreadedMapper; org.apache.hadoop.mapreduce.lib.map.WrappedMapper; org.apache.hadoop.mapreduce.lib.reduce.WrappedReducer; org.apache.hadoop.mapreduce.task.MapContextImpl; org.apache.hadoop.mapreduce.task.ReduceContextImpl,Apache Hadoop MapReduce: Cluster 3,"Apache Hadoop MapReduce is a software architecture that provides a scalable and fault-tolerant framework for processing large-scale data sets. Cluster 3 in MapReduce is responsible for providing a common context object for tasks, which helps applications deal with inconsistencies between different versions of Hadoop. This cluster includes the ContextFactory class, which provides constructors for various context objects such as JobContext, TaskAttemptContext, TaskInputOutputContext, MapContext, and WrappedMapper$Context. It also includes the Chain class, which provides common functionality for the ChainMapper and ChainReducer classes. The Chain class has methods to set up the chain of mappers and reducers, retrieve the input and output classes, and execute the chain. The code snippet demonstrates the usage of the Chain class to configure and execute a chain of mappers and reducers within the Apache Hadoop MapReduce framework."
4,org.apache.hadoop.mapreduce.CounterGroup; org.apache.hadoop.mapreduce.Counters; org.apache.hadoop.mapreduce.counters.AbstractCounterGroup; org.apache.hadoop.mapreduce.counters.AbstractCounters; org.apache.hadoop.mapreduce.counters.CounterGroupFactory; org.apache.hadoop.mapreduce.counters.FileSystemCounterGroup; org.apache.hadoop.mapreduce.counters.FrameworkCounterGroup; org.apache.hadoop.mapreduce.util.CountersStrings; org.apache.hadoop.mapreduce.util.JobHistoryEventUtils,Apache Hadoop MapReduce Counters,"The Apache Hadoop MapReduce Counters module provides a way to track and manage counters for jobs and tasks. It includes classes for managing counter groups, counters, and counter factories. The module also includes utilities for converting counter data into a string format. The counters are used to track the progress and performance of MapReduce jobs and tasks. The module is part of the Apache Hadoop project, which is an open-source software framework for distributed storage and processing of large data sets. It is commonly used for big data processing tasks, such as data analysis, machine learning, and scientific computing."
5,org.apache.hadoop.mapreduce.Counters,Apache Hadoop MapReduce Counters,"The Apache Hadoop MapReduce Counters class is a part of the MapReduce framework, providing functionality to create and manage counters for jobs and tasks. It includes methods to convert the counters to strings and to write/read them to/from DataOutput/DataInput streams. The class is key to tracking and managing counters in the MapReduce system."
6,org.apache.hadoop.mapreduce.InputFormat; org.apache.hadoop.mapreduce.RecordReader; org.apache.hadoop.mapreduce.RecordWriter; org.apache.hadoop.mapreduce.TaskInputOutputContext; org.apache.hadoop.mapreduce.lib.input.CombineFileInputFormat; org.apache.hadoop.mapreduce.lib.input.CombineFileRecordReader; org.apache.hadoop.mapreduce.lib.input.CombineFileRecordReaderWrapper; org.apache.hadoop.mapreduce.lib.input.CombineSequenceFileInputFormat; org.apache.hadoop.mapreduce.lib.input.CombineTextInputFormat; org.apache.hadoop.mapreduce.lib.input.DelegatingInputFormat; org.apache.hadoop.mapreduce.lib.input.DelegatingRecordReader; org.apache.hadoop.mapreduce.lib.input.FixedLengthInputFormat; org.apache.hadoop.mapreduce.lib.input.FixedLengthRecordReader; org.apache.hadoop.mapreduce.lib.input.KeyValueLineRecordReader; org.apache.hadoop.mapreduce.lib.input.KeyValueTextInputFormat; org.apache.hadoop.mapreduce.lib.input.LineRecordReader; org.apache.hadoop.mapreduce.lib.input.NLineInputFormat; org.apache.hadoop.mapreduce.lib.input.SequenceFileAsBinaryInputFormat; org.apache.hadoop.mapreduce.lib.input.SequenceFileAsTextInputFormat; org.apache.hadoop.mapreduce.lib.input.SequenceFileAsTextRecordReader; org.apache.hadoop.mapreduce.lib.input.SequenceFileInputFilter; org.apache.hadoop.mapreduce.lib.input.SequenceFileInputFormat; org.apache.hadoop.mapreduce.lib.input.SequenceFileRecordReader; org.apache.hadoop.mapreduce.lib.input.TextInputFormat; org.apache.hadoop.mapreduce.lib.join.ComposableInputFormat; org.apache.hadoop.mapreduce.lib.output.PartialOutputCommitter,"Apache Hadoop MapReduce: InputFormat, RecordReader, RecordWriter, TaskInputOutputContext, CombineFileInputFormat, CombineFileRecordReader, CombineFileRecordReaderWrapper, CombineSequenceFileInputFormat, CombineTextInputFormat","Apache Hadoop MapReduce is a framework for writing applications that process vast amounts of data in parallel on large clusters. It includes several key components, including InputFormat, RecordReader, RecordWriter, TaskInputOutputContext, CombineFileInputFormat, CombineFileRecordReader, CombineFileRecordReaderWrapper, CombineSequenceFileInputFormat, and CombineTextInputFormat. These components work together to handle the input data for MapReduce jobs, read and write data to the FileSystem, and process data in a distributed environment. The InputFormat class is used to define the input-specification for a Map-Reduce job, while the RecordReader and RecordWriter classes are used to read and write key-value pairs to the output file. The TaskInputOutputContext class provides a context object that allows input and output from a task, which is supplied to the Mapper or Reducer. The CombineFileInputFormat class is used to create CombineFileSplit objects, which represent splits of the input data for processing by MapReduce tasks. The CombineFileRecordReader class is used to read data from CombineFileSplit, while the CombineFileRecordReaderWrapper class provides a concrete record reader wrapper for CombineFileInputFormat. The CombineSequenceFileInputFormat class is an implementation of a CombineFile"
7,org.apache.hadoop.mapreduce.JobStatus; org.apache.hadoop.mapreduce.QueueInfo,Apache Hadoop MapReduce - Cluster 7,"Apache Hadoop MapReduce is a distributed processing framework that enables large-scale data processing. Cluster 7 in Hadoop MapReduce is responsible for managing job statuses and queue information. It includes components such as JobStatus and QueueInfo, which provide information about job statuses and job queues, respectively. The components interact with each other to ensure efficient processing of large-scale data. The cluster achieves scalability, maintainability, fault-tolerance, and security by utilizing technologies such as Java, Hadoop, YARN, Avro, and Protocol Buffers. The cluster plays a crucial role in the overall MapReduce system by managing job statuses and queue information, thereby ensuring the efficient processing of large-scale data."
8,org.apache.hadoop.mapreduce.Mapper; org.apache.hadoop.mapreduce.lib.aggregate.ValueAggregatorMapper; org.apache.hadoop.mapreduce.lib.fieldsel.FieldSelectionMapper; org.apache.hadoop.mapreduce.lib.map.InverseMapper; org.apache.hadoop.mapreduce.lib.map.RegexMapper; org.apache.hadoop.mapreduce.lib.map.TokenCounterMapper; org.apache.hadoop.mapreduce.lib.map.WrappedMapper,MapReduce Cluster for Handling Large Scale Data Processing,"This MapReduce cluster is designed to handle large scale data processing tasks in a distributed environment. It consists of several components including Mappers, Reducers, and various input/output formats. The Mappers are responsible for transforming input data into intermediate data, while the Reducers aggregate the intermediate data to produce the final output. The cluster is scalable, fault-tolerant, and provides high performance through the use of Java and Hadoop framework. It supports various data formats such as Avro and Protocol Buffers, and plays a crucial role in the overall MapReduce system for processing large scale data."
9,org.apache.hadoop.mapreduce.MarkableIterator; org.apache.hadoop.mapreduce.ReduceContext; org.apache.hadoop.mapreduce.Reducer; org.apache.hadoop.mapreduce.TaskCompletionEvent; org.apache.hadoop.mapreduce.TaskReport; org.apache.hadoop.mapreduce.task.ReduceContextImpl; org.apache.hadoop.mapreduce.task.reduce.EventFetcher; org.apache.hadoop.mapreduce.task.reduce.Fetcher; org.apache.hadoop.mapreduce.task.reduce.IFileWrappedMapOutput; org.apache.hadoop.mapreduce.task.reduce.InMemoryMapOutput; org.apache.hadoop.mapreduce.task.reduce.InMemoryReader; org.apache.hadoop.mapreduce.task.reduce.LocalFetcher; org.apache.hadoop.mapreduce.task.reduce.MapHost; org.apache.hadoop.mapreduce.task.reduce.MapOutput; org.apache.hadoop.mapreduce.task.reduce.MergeManager; org.apache.hadoop.mapreduce.task.reduce.MergeManagerImpl; org.apache.hadoop.mapreduce.task.reduce.OnDiskMapOutput; org.apache.hadoop.mapreduce.task.reduce.Shuffle; org.apache.hadoop.mapreduce.task.reduce.ShuffleClientMetrics; org.apache.hadoop.mapreduce.task.reduce.ShuffleSchedulerImpl,MapReduce Cluster for Handling Large Scale Data Processing,"This MapReduce cluster is designed to handle large scale data processing tasks efficiently. It consists of several components including the JobTracker, TaskTracker, and ShuffleHandler. The JobTracker is responsible for scheduling and monitoring the execution of MapReduce jobs, while the TaskTracker is responsible for executing the tasks assigned by the JobTracker. The ShuffleHandler is responsible for managing the shuffle process, which involves copying the output of Map tasks to theReduce tasks. The cluster is designed to be scalable, fault-tolerant, and maintainable, and it uses technologies such as Java, Hadoop, YARN, Avro, and Protocol Buffers to achieve these quality attributes. The cluster plays a crucial role in the overall MapReduce system by providing a reliable and efficient platform for processing large scale data."
10,org.apache.hadoop.mapreduce.OutputCommitter; org.apache.hadoop.mapreduce.lib.output.BindingPathOutputCommitter; org.apache.hadoop.mapreduce.lib.output.FileOutputCommitter; org.apache.hadoop.mapreduce.lib.output.FileOutputCommitterFactory; org.apache.hadoop.mapreduce.lib.output.NamedCommitterFactory; org.apache.hadoop.mapreduce.lib.output.PathOutputCommitterFactory; org.apache.hadoop.mapreduce.lib.output.committer.manifest.ManifestCommitterFactory,OutputCommitter and its subclasses in Apache Hadoop MapReduce,"OutputCommitter is a class in the Apache Hadoop MapReduce framework that is used to manage the commit of task output for a Map-Reduce job. It provides methods for setting up the job, cleaning up the job, setting up task output, checking if a task needs a commit, committing task output, and discarding task commit. The OutputCommitter class is part of the org.apache.hadoop.mapreduce package and is used for managing the commit of task output for a Map-Reduce job. It is important to understand the context in which each method is called and to handle any specific guarantees or considerations accordingly."
11,org.apache.hadoop.mapreduce.OutputFormat; org.apache.hadoop.mapreduce.lib.chain.Chain; org.apache.hadoop.mapreduce.lib.db.DBOutputFormat; org.apache.hadoop.mapreduce.lib.output.FilterOutputFormat; org.apache.hadoop.mapreduce.lib.output.LazyOutputFormat; org.apache.hadoop.mapreduce.lib.output.MapFileOutputFormat; org.apache.hadoop.mapreduce.lib.output.NullOutputFormat; org.apache.hadoop.mapreduce.lib.output.PathOutputCommitter; org.apache.hadoop.mapreduce.lib.output.SequenceFileAsBinaryOutputFormat; org.apache.hadoop.mapreduce.lib.output.SequenceFileOutputFormat; org.apache.hadoop.mapreduce.lib.output.TextOutputFormat,Apache Hadoop MapReduce: Cluster 11,"This cluster consists of classes that implement the OutputFormat interface, which is used in the Map-Reduce framework to describe the output-specification for a Map-Reduce job. The OutputFormat class provides methods for validating the output-specification, providing a RecordWriter implementation, and getting the output committer for the job. The classes in this cluster include OutputFormat, Chain, DBOutputFormat, FilterOutputFormat, LazyOutputFormat, MapFileOutputFormat, NullOutputFormat, PathOutputCommitter, and SequenceFileAsBinaryOutputFormat. These classes provide functionality for writing MapFile objects, consuming and discarding output records, committing data written to a working directory to the final directory, and writing data to a sequence file in binary format. The use of these classes ensures scalability, maintainability, fault-tolerance, and security in the overall MapReduce system. The technologies and frameworks used in this cluster include Java, Hadoop, YARN, Avro, and Protocol Buffers."
12,org.apache.hadoop.mapreduce.Reducer; org.apache.hadoop.mapreduce.lib.aggregate.UserDefinedValueAggregatorDescriptor; org.apache.hadoop.mapreduce.lib.aggregate.ValueAggregatorBaseDescriptor; org.apache.hadoop.mapreduce.lib.aggregate.ValueAggregatorCombiner; org.apache.hadoop.mapreduce.lib.aggregate.ValueAggregatorJobBase; org.apache.hadoop.mapreduce.lib.aggregate.ValueAggregatorReducer; org.apache.hadoop.mapreduce.lib.fieldsel.FieldSelectionReducer; org.apache.hadoop.mapreduce.lib.reduce.IntSumReducer; org.apache.hadoop.mapreduce.lib.reduce.LongSumReducer; org.apache.hadoop.mapreduce.lib.reduce.WrappedReducer,MapReduce Cluster for Handling Big Data Processing,
13,org.apache.hadoop.mapreduce.SharedCacheConfig; org.apache.hadoop.mapreduce.server.jobtracker.JTConfig; org.apache.hadoop.mapreduce.server.tasktracker.TTConfig,"Apache Hadoop MapReduce - SharedCacheConfig, JTConfig, and TTConfig",
14,org.apache.hadoop.mapreduce.StatusReporter; org.apache.hadoop.mapreduce.counters.AbstractCounter; org.apache.hadoop.mapreduce.counters.CounterGroupBase; org.apache.hadoop.mapreduce.counters.FrameworkCounterGroup; org.apache.hadoop.mapreduce.counters.GenericCounter,"Apache Hadoop MapReduce: StatusReporter, AbstractCounter, CounterGroupBase, FrameworkCounterGroup, GenericCounter",
15,org.apache.hadoop.mapreduce.checkpoint.CheckpointService; org.apache.hadoop.mapreduce.lib.db.DBConfiguration; org.apache.hadoop.mapreduce.lib.db.DBInputFormat,Apache Hadoop MapReduce: Cluster 15,"This cluster consists of three main components: the CheckpointService interface, the DBConfiguration class, and the DBInputFormat class. The CheckpointService interface provides a simple API for storing and retrieving the state of a task, while the DBConfiguration class is used to configure database connections for MapReduce jobs. The DBInputFormat class is responsible for reading input data from an SQL table and is used as a building block for more advanced input formats. The cluster achieves scalability, maintainability, and fault-tolerance by providing a modular and extensible architecture. The technologies and frameworks used include Java, Hadoop, YARN, Avro, and Protocol Buffers. The cluster plays a crucial role in the overall MapReduce system by providing a reliable and efficient way to process large-scale data."
16,org.apache.hadoop.mapreduce.checkpoint.CheckpointService; org.apache.hadoop.mapreduce.checkpoint.FSCheckpointID; org.apache.hadoop.mapreduce.checkpoint.FSCheckpointService; org.apache.hadoop.mapreduce.checkpoint.TaskCheckpointID,Checkpoint Service,"The Checkpoint Service is a key component of the Hadoop MapReduce framework, providing a simple API for storing and retrieving the state of a task. It includes methods for creating, committing, aborting, opening, and deleting checkpoints. The Checkpoint Service is intended to be used as a building block for a more advanced checkpoint service that can provide additional functionality such as object serialization, checkpoint metadata, and provenance. The Checkpoint Service is built on top of the Hadoop FileSystem, and it provides a way to manage checkpoint information stored in a FileSystem. The Checkpoint Service is responsible for managing checkpoint information stored in a FileSystem and provides methods to access and manipulate this information."
17,org.apache.hadoop.mapreduce.checkpoint.RandomNameCNS; org.apache.hadoop.mapreduce.checkpoint.SimpleNamingService,RandomNameCNS and SimpleNamingService,
18,org.apache.hadoop.mapreduce.counters.AbstractCounters; org.apache.hadoop.mapreduce.lib.output.FileOutputCommitter; org.apache.hadoop.mapreduce.lib.output.committer.manifest.ManifestCommitter; org.apache.hadoop.mapreduce.lib.output.committer.manifest.ManifestCommitterConfig; org.apache.hadoop.mapreduce.lib.output.committer.manifest.impl.AuditingIntegration; org.apache.hadoop.mapreduce.lib.output.committer.manifest.impl.InternalConstants; org.apache.hadoop.mapreduce.lib.output.committer.manifest.impl.ManifestCommitterSupport; org.apache.hadoop.mapreduce.lib.output.committer.manifest.impl.ManifestStoreOperations; org.apache.hadoop.mapreduce.lib.output.committer.manifest.impl.ManifestStoreOperationsThroughFileSystem; org.apache.hadoop.mapreduce.lib.output.committer.manifest.stages.AbortTaskStage; org.apache.hadoop.mapreduce.lib.output.committer.manifest.stages.AbstractJobOrTaskStage; org.apache.hadoop.mapreduce.lib.output.committer.manifest.stages.CleanupJobStage; org.apache.hadoop.mapreduce.lib.output.committer.manifest.stages.CommitJobStage; org.apache.hadoop.mapreduce.lib.output.committer.manifest.stages.CommitTaskStage; org.apache.hadoop.mapreduce.lib.output.committer.manifest.stages.CreateOutputDirectoriesStage; org.apache.hadoop.mapreduce.lib.output.committer.manifest.stages.LoadManifestsStage; org.apache.hadoop.mapreduce.lib.output.committer.manifest.stages.RenameFilesStage; org.apache.hadoop.mapreduce.lib.output.committer.manifest.stages.SaveSuccessFileStage; org.apache.hadoop.mapreduce.lib.output.committer.manifest.stages.SaveTaskManifestStage; org.apache.hadoop.mapreduce.lib.output.committer.manifest.stages.SetupJobStage; org.apache.hadoop.mapreduce.lib.output.committer.manifest.stages.SetupTaskStage; org.apache.hadoop.mapreduce.lib.output.committer.manifest.stages.StageConfig; org.apache.hadoop.mapreduce.lib.output.committer.manifest.stages.TaskAttemptScanDirectoryStage; org.apache.hadoop.mapreduce.lib.output.committer.manifest.stages.ValidateRenamedFilesStage; org.apache.hadoop.mapreduce.util.ProcessTree,Apache Hadoop MapReduce: Cluster 18,"This cluster contains classes related to managing counters, committing files, and integrating auditing functionality into the Hadoop MapReduce framework. The components interact with each other to provide fault-tolerant and scalable data processing capabilities. The quality attributes achieved by this cluster include fault-tolerance, maintainability, and scalability. The technologies and frameworks used include Java, Hadoop, YARN, Avro, and Protocol Buffers. This cluster plays a crucial role in the overall MapReduce system by managing and processing large data sets in a distributed environment."
19,org.apache.hadoop.mapreduce.jobhistory.AMStartedEvent; org.apache.hadoop.mapreduce.jobhistory.Event; org.apache.hadoop.mapreduce.jobhistory.EventReader; org.apache.hadoop.mapreduce.jobhistory.EventWriter; org.apache.hadoop.mapreduce.jobhistory.HistoryEvent; org.apache.hadoop.mapreduce.jobhistory.JobFinishedEvent; org.apache.hadoop.mapreduce.jobhistory.JobHistoryParser; org.apache.hadoop.mapreduce.jobhistory.JobInfoChangeEvent; org.apache.hadoop.mapreduce.jobhistory.JobInitedEvent; org.apache.hadoop.mapreduce.jobhistory.JobPriorityChangeEvent; org.apache.hadoop.mapreduce.jobhistory.JobQueueChangeEvent; org.apache.hadoop.mapreduce.jobhistory.JobStatusChangedEvent; org.apache.hadoop.mapreduce.jobhistory.JobSubmittedEvent; org.apache.hadoop.mapreduce.jobhistory.JobUnsuccessfulCompletionEvent; org.apache.hadoop.mapreduce.jobhistory.NormalizedResourceEvent; org.apache.hadoop.mapreduce.jobhistory.TaskAttemptStartedEvent; org.apache.hadoop.mapreduce.jobhistory.TaskStartedEvent; org.apache.hadoop.mapreduce.jobhistory.TaskUpdatedEvent,"Apache Hadoop MapReduce: AMStartedEvent, EventReader, EventWriter, HistoryEvent, JobFinishedEvent, JobHistoryParser, JobInfoChangeEvent, JobInitedEvent, JobPriorityChangeEvent, JobQueueChangeEvent, JobStatusChangedEvent, JobSubmittedEvent",
20,org.apache.hadoop.mapreduce.jobhistory.HistoryViewer; org.apache.hadoop.mapreduce.jobhistory.HumanReadableHistoryViewerPrinter; org.apache.hadoop.mapreduce.jobhistory.JSONHistoryViewerPrinter; org.apache.hadoop.mapreduce.jobhistory.JobHistoryParser,Apache Hadoop MapReduce - HistoryViewer,"The HistoryViewer is a Java class used to parse and view job history files in Apache Hadoop MapReduce. It provides functionality to print job/task/attempt summary information in human-readable format or machine-readable JSON format. The code includes the necessary imports, class definition, and methods to initialize the HistoryViewer object and print the job/task/attempt summary information. It also includes a SummarizedJob class that is used to summarize the job. The HistoryViewer is part of the Apache Hadoop project and is used to parse and view job history files generated by the Hadoop MapReduce framework. It provides a way to summarize the job and its tasks, including information such as the number of maps and reduces, the number of failed and killed tasks, and the task logs URL. The code can be used as a reference for developers who want to create a similar tool for parsing and viewing job history files in the Hadoop framework."
21,org.apache.hadoop.mapreduce.jobhistory.HumanReadableHistoryViewerPrinter,Apache Hadoop MapReduce - HumanReadableHistoryViewerPrinter,
22,org.apache.hadoop.mapreduce.jobhistory.JhCounter; org.apache.hadoop.mapreduce.jobhistory.JhCounterGroup; org.apache.hadoop.mapreduce.jobhistory.JhCounters; org.apache.hadoop.mapreduce.jobhistory.JobFinished; org.apache.hadoop.mapreduce.jobhistory.MapAttemptFinished; org.apache.hadoop.mapreduce.jobhistory.ReduceAttemptFinished; org.apache.hadoop.mapreduce.jobhistory.TaskAttemptFinished; org.apache.hadoop.mapreduce.jobhistory.TaskAttemptUnsuccessfulCompletion; org.apache.hadoop.mapreduce.jobhistory.TaskFailed; org.apache.hadoop.mapreduce.jobhistory.TaskFinished; org.apache.hadoop.mapreduce.lib.output.committer.manifest.stages.LoadManifestsStage,MapReduce Job Commit Stage,"This cluster is responsible for the final stage of job completion in the MapReduce system. It is responsible for committing the job by performing a series of tasks such as committing tasks, cleaning up task directories, and archiving logs. The components of this cluster include the Job Committer, which coordinates the commit process, and the Task Committers, which handle the commitment of individual tasks. The interactions between these components are coordinated by the Job Committer, which triggers the commitment of tasks and waits for their completion. The quality attributes achieved by this cluster include fault-tolerance, as the commit process is idempotent and can be restarted from scratch if needed, and scalability, as the commit process can be parallelized across multiple nodes. The technologies and frameworks used in this cluster include Java, Hadoop, YARN, Avro, and Protocol Buffers. The role of this cluster in the overall MapReduce system is to ensure the durability and reliability of job results by committing them to stable storage and cleaning up temporary directories."
23,org.apache.hadoop.mapreduce.jobhistory.MapAttemptFinishedEvent; org.apache.hadoop.mapreduce.jobhistory.ReduceAttemptFinishedEvent; org.apache.hadoop.mapreduce.jobhistory.TaskAttemptFinishedEvent; org.apache.hadoop.mapreduce.jobhistory.TaskAttemptUnsuccessfulCompletionEvent; org.apache.hadoop.mapreduce.jobhistory.TaskFailedEvent; org.apache.hadoop.mapreduce.jobhistory.TaskFinishedEvent,Apache Hadoop MapReduce: Cluster 23,
24,org.apache.hadoop.mapreduce.lib.aggregate.DoubleValueSum; org.apache.hadoop.mapreduce.lib.aggregate.LongValueMax; org.apache.hadoop.mapreduce.lib.aggregate.LongValueMin; org.apache.hadoop.mapreduce.lib.aggregate.LongValueSum; org.apache.hadoop.mapreduce.lib.aggregate.StringValueMax; org.apache.hadoop.mapreduce.lib.aggregate.StringValueMin; org.apache.hadoop.mapreduce.lib.aggregate.UniqValueCount; org.apache.hadoop.mapreduce.lib.aggregate.ValueHistogram,MapReduce Value Aggregators,"This cluster of MapReduce value aggregators includes classes for summing double values, maintaining the maximum and minimum of long values, summing long values, maintaining the maximum and minimum of string values, deduplicating objects, and computing the histogram of strings. These aggregators are used to process and aggregate data within the MapReduce framework, providing functionalities such as summation, maximum and minimum tracking, deduplication, and histogram computation. The use of Java and Hadoop technologies ensures scalability, fault-tolerance, and maintainability. The cluster plays a crucial role in the overall MapReduce system by enabling efficient and effective data processing and aggregation."
25,org.apache.hadoop.mapreduce.lib.chain.Chain,Apache Hadoop MapReduce - Chain,"The Chain class in Apache Hadoop MapReduce provides common functionality for the ChainMapper and ChainReducer classes. It allows for the chaining of mappers and reducers, enabling complex data processing tasks to be executed as a series of simpler map and reduce operations. The class includes methods for setting up the chain, retrieving input and output classes, and executing the chain. It also includes a ChainRecordReader class to handle reading input from a blocking queue or the task context. The use of the Chain class in the Apache Hadoop MapReduce framework enhances scalability, maintainability, fault-tolerance, and security by allowing for the chaining of multiple mappers and reducers, which can improve the efficiency and reliability of data processing tasks. The technologies and frameworks used include Java, Hadoop, YARN, Avro, and Protocol Buffers. The Chain class plays a crucial role in the overall MapReduce system by providing a flexible and extensible architecture for data processing tasks."
26,org.apache.hadoop.mapreduce.lib.db.BigDecimalSplitter; org.apache.hadoop.mapreduce.lib.db.BooleanSplitter; org.apache.hadoop.mapreduce.lib.db.DateSplitter; org.apache.hadoop.mapreduce.lib.db.FloatSplitter; org.apache.hadoop.mapreduce.lib.db.IntegerSplitter; org.apache.hadoop.mapreduce.lib.db.TextSplitter,Apache Hadoop MapReduce - Cluster 26,"This architectural cluster in Apache Hadoop MapReduce is responsible for splitting a range of BigDecimal values into a specified number of splits. The main components are the BigDecimalSplitter class, which implements the DBSplitter interface, and the tryDivide method, which performs division between two BigDecimal values. The cluster achieves quality attributes such as scalability, maintainability, fault-tolerance, and security. It uses Java, Hadoop, YARN, Avro, and Protocol Buffers as the primary technologies and frameworks. The cluster plays a crucial role in the overall MapReduce system by efficiently processing large datasets in parallel."
27,org.apache.hadoop.mapreduce.lib.db.DBInputFormat; org.apache.hadoop.mapreduce.lib.db.DBRecordReader; org.apache.hadoop.mapreduce.lib.db.DataDrivenDBInputFormat; org.apache.hadoop.mapreduce.lib.db.DataDrivenDBRecordReader; org.apache.hadoop.mapreduce.lib.db.MySQLDBRecordReader; org.apache.hadoop.mapreduce.lib.db.MySQLDataDrivenDBRecordReader; org.apache.hadoop.mapreduce.lib.db.OracleDBRecordReader; org.apache.hadoop.mapreduce.lib.db.OracleDataDrivenDBInputFormat; org.apache.hadoop.mapreduce.lib.db.OracleDataDrivenDBRecordReader,"Apache Hadoop MapReduce: DBInputFormat, DBRecordReader, DataDrivenDBInputFormat, MySQLDBRecordReader, MySQLDataDrivenDBRecordReader, OracleDBRecordReader, OracleDataDrivenDBInputFormat","This architectural cluster in Apache Hadoop MapReduce provides functionality for reading input data from SQL tables. It includes components such as DBInputFormat, DBRecordReader, DataDrivenDBInputFormat, MySQLDBRecordReader, MySQLDataDrivenDBRecordReader, OracleDBRecordReader, and OracleDataDrivenDBInputFormat. These components interact with each other to read data from SQL tables and emit LongWritable keys and DBWritable values. The cluster achieves scalability, maintainability, fault-tolerance, and security. It uses technologies and frameworks such as Java, Hadoop, YARN, Avro, and Protocol Buffers. This cluster plays a crucial role in the overall MapReduce system by providing a framework for reading input data from SQL tables and processing it using the MapReduce paradigm."
28,org.apache.hadoop.mapreduce.lib.db.DBSplitter; org.apache.hadoop.mapreduce.lib.input.CombineFileSplit; org.apache.hadoop.mapreduce.lib.input.FileSplit; org.apache.hadoop.mapreduce.lib.join.CompositeInputSplit,Apache Hadoop MapReduce: Cluster 28,"This cluster consists of Java classes that are part of the Apache Hadoop project and are used to generate DBInputSplits for the DataDrivenDBInputFormat. The DBSplitter interface is responsible for dividing the data into splits based on the values of a specific column in the database. The CombineFileSplit class represents a sub-collection of input files and is used in the context of Apache Hadoop's MapReduce framework for distributed processing of large data sets. The FileSplit class represents a section of an input file and is used to split input files for processing. The CompositeInputSplit class allows users to add multiple InputSplits to a collection and retrieve them later. This cluster plays a crucial role in the overall MapReduce system, providing scalability, maintainability, fault-tolerance, and security. The technologies and frameworks used include Java, Hadoop, YARN, Avro, and Protocol Buffers."
29,org.apache.hadoop.mapreduce.lib.input.CombineFileInputFormat,CombineFileInputFormat,"CombineFileInputFormat is a subclass of FileInputFormat that is used to create CombineFileSplit objects, which represent splits of the input data for processing by MapReduce tasks. It includes methods for setting the maximum and minimum split sizes, as well as creating pools of input paths filters. The getSplits method is responsible for creating the splits, while the getRecordReader method is used to create RecordReader objects for the splits. This class provides a flexible and extensible way to create splits of input data for MapReduce processing, with support for specifying split sizes and creating pools of input paths filters."
30,org.apache.hadoop.mapreduce.lib.input.CompressedSplitLineReader; org.apache.hadoop.mapreduce.lib.input.UncompressedSplitLineReader,Apache Hadoop MapReduce - Cluster 30,"This cluster consists of two classes, CompressedSplitLineReader and UncompressedSplitLineReader, which are used to read lines from compressed and uncompressed splits, respectively. The classes handle various scenarios, such as reading records from compressed splits, ensuring correct byte counts, and handling multi-byte delimiters. The cluster is part of the MapReduce system and uses Java, Hadoop, YARN, Avro, and Protocol Buffers. It provides scalability, maintainability, fault-tolerance, and security."
31,org.apache.hadoop.mapreduce.lib.input.FileInputFormat,FileInputFormat Cluster,"The FileInputFormat cluster provides a base class for file-based InputFormats in the Apache Hadoop framework. It includes functionality to handle file splits, file filtering, and file status retrieval. The cluster includes a number of configuration properties and counters for monitoring the input format. The main components of the cluster are the InputFormat class, which is responsible for dividing the input data into splits, and the RecordReader class, which is used to read the data from each split. The cluster achieves scalability, maintainability, fault-tolerance, and security by providing a flexible and extensible framework for handling file-based input in the Hadoop framework. The technologies and frameworks used in the cluster include Java, Hadoop, YARN, Avro, and Protocol Buffers. The FileInputFormat cluster plays a crucial role in the overall MapReduce system by providing a way to read input data from files in a distributed environment."
32,org.apache.hadoop.mapreduce.lib.input.SequenceFileInputFilter,MapReduce Sample Filter,"The MapReduce Sample Filter is a class that allows a map/reduce job to work on a sample of sequence files. It includes a record reader that creates a filter record reader based on the configuration. The filter class is responsible for deciding whether a record should be filtered or not based on certain criteria. The code also includes a regex filter that matches the key to a regex pattern and a percent filter that returns a percentage of records based on a filtering frequency. This cluster is part of the Apache Hadoop project and is distributed under the Apache License, Version 2.0."
33,org.apache.hadoop.mapreduce.lib.jobcontrol.JobControl; org.apache.hadoop.mapreduce.lib.join.ComposableRecordReader; org.apache.hadoop.mapreduce.lib.join.CompositeInputFormat; org.apache.hadoop.mapreduce.lib.join.CompositeRecordReader; org.apache.hadoop.mapreduce.lib.join.JoinRecordReader; org.apache.hadoop.mapreduce.lib.join.MultiFilterRecordReader; org.apache.hadoop.mapreduce.lib.join.OverrideRecordReader; org.apache.hadoop.mapreduce.lib.join.Parser; org.apache.hadoop.mapreduce.lib.join.WrappedRecordReader,Apache Hadoop MapReduce: Cluster 33,"This cluster consists of classes that manage and coordinate a group of MapReduce jobs and their dependencies. It includes functionality for adding jobs to the group, monitoring the states of running jobs, updating the states of waiting jobs, and submitting jobs when they become ready. The cluster also provides APIs for suspending/resuming the thread and stopping the thread. The classes in this cluster are part of the Apache Hadoop project and are licensed under the Apache License, Version 2.0."
34,org.apache.hadoop.mapreduce.lib.join.ArrayListBackedIterator; org.apache.hadoop.mapreduce.lib.join.ResetableIterator; org.apache.hadoop.mapreduce.lib.join.StreamBackedIterator,Java Iterator Classes for Apache Hadoop MapReduce,"This architectural cluster in Apache Hadoop MapReduce provides three Java classes: ArrayListBackedIterator, ResetableIterator, and StreamBackedIterator. These classes implement the ResetableIterator interface and provide functionality for storing and retrieving elements. ArrayListBackedIterator stores elements in an ArrayList and replays them as requested. ResetableIterator is an interface for a stateful iterator that can replay elements added to it directly. StreamBackedIterator provides functionality for storing and retrieving elements using a byte array. These classes are used to iterate over elements in a collection and provide functionality for adding, resetting, and replaying elements. The cluster plays a crucial role in the overall MapReduce system by providing efficient and scalable data processing capabilities. The use of Java and the Hadoop framework ensures that these classes are highly scalable, fault-tolerant, and maintainable. The cluster's components work together seamlessly to provide a robust and reliable data processing infrastructure."
35,org.apache.hadoop.mapreduce.lib.join.InnerJoinRecordReader; org.apache.hadoop.mapreduce.lib.join.OuterJoinRecordReader; org.apache.hadoop.mapreduce.lib.join.TupleWritable,MapReduce Join Cluster,"The MapReduce Join Cluster is responsible for performing joins between different data sources in Apache Hadoop. It consists of two main components: the InnerJoinRecordReader and the OuterJoinRecordReader. The InnerJoinRecordReader is used for inner joins, while the OuterJoinRecordReader is used for full outer joins. The cluster achieves scalability, maintainability, fault-tolerance, and security by using the Hadoop framework and its specific technologies such as YARN, Avro, and Protocol Buffers. The cluster plays a crucial role in the overall MapReduce system by enabling efficient and reliable data processing."
36,org.apache.hadoop.mapreduce.lib.join.Parser,Parser,"The Parser cluster in Apache Hadoop MapReduce is responsible for parsing join expressions and creating tagged-union tokens. It includes a lexer class for tokenizing input strings and is written in Java using the Apache Hadoop framework. The cluster provides a structured summary of the code, including key functionality, core logic, inputs and outputs, and dependencies. It is designed to be easily extensible and maintainable, with a clear separation of concerns and a focus on modularity. The cluster plays a crucial role in the overall MapReduce system, ensuring the efficient and effective processing of data in a distributed environment."
37,org.apache.hadoop.mapreduce.lib.output.committer.manifest.files.DirEntry; org.apache.hadoop.mapreduce.lib.output.committer.manifest.files.FileEntry; org.apache.hadoop.mapreduce.lib.output.committer.manifest.files.ManifestSuccessData; org.apache.hadoop.mapreduce.lib.output.committer.manifest.files.TaskManifest; org.apache.hadoop.mapreduce.lib.output.committer.manifest.impl.LoadedManifestData,Apache Hadoop MapReduce: Cluster 37,"This architectural cluster in Apache Hadoop MapReduce is responsible for managing the task manifests of MapReduce tasks. It includes three main components: DirEntry, FileEntry, and ManifestSuccessData. DirEntry represents a directory entry in a task manifest, FileEntry represents a file entry in a task manifest, and ManifestSuccessData represents a summary of data saved into a _SUCCESS marker file. These components interact with each other to create, validate, and commit task manifests. The cluster achieves scalability, maintainability, and fault-tolerance by using the Jackson library for JSON serialization and deserialization, and implementing the Writable interface for serialization and deserialization. The technologies and frameworks used include Java, Hadoop, YARN, Avro, and Protocol Buffers. This cluster plays a crucial role in the overall MapReduce system by managing the task manifests and ensuring the successful completion of MapReduce tasks."
38,org.apache.hadoop.mapreduce.lib.output.committer.manifest.files.ManifestPrinter; org.apache.hadoop.mapreduce.lib.output.committer.manifest.stages.CleanupJobStage; org.apache.hadoop.mapreduce.lib.output.committer.manifest.stages.CommitJobStage,Apache Hadoop MapReduce: Cluster 38,"This cluster consists of three main components: ManifestPrinter, CleanupJobStage, and CommitJobStage. ManifestPrinter is a tool that prints a manifest file, while CleanupJobStage is responsible for cleaning up a job's temporary directory. CommitJobStage is used to commit a job and manage the commit process for a MapReduce job. The cluster achieves scalability, maintainability, fault-tolerance, and security by using the Hadoop framework and various technologies such as Java, YARN, Avro, and Protocol Buffers. The cluster plays a crucial role in the overall MapReduce system by managing the execution and commitment of jobs."
39,org.apache.hadoop.mapreduce.lib.output.committer.manifest.impl.EntryFileIO,EntryFileIO: Reading and Writing Entry Files in Apache Hadoop MapReduce,
40,org.apache.hadoop.mapreduce.lib.output.committer.manifest.stages.CreateOutputDirectoriesStage,CreateOutputDirectoriesStage,
41,org.apache.hadoop.mapreduce.lib.partition.BinaryPartitioner; org.apache.hadoop.mapreduce.lib.partition.HashPartitioner; org.apache.hadoop.mapreduce.lib.partition.RehashPartitioner,Custom Partitioners for Binary Comparable Keys and Data Distribution in Hadoop MapReduce,
42,org.apache.hadoop.mapreduce.lib.partition.InputSampler,InputSampler,"The InputSampler utility in Apache Hadoop MapReduce is a tool for collecting samples and writing a partition file for the TotalOrderPartitioner. It includes a main method that takes in arguments to configure the sampler, such as the number of reduces, input format class, key class, and the type of sampling to be performed. The sampler can sample from random splits, first records in splits, or splits at intervals. The sampled keys are written to a partition file for use with the TotalOrderPartitioner. The code also includes a sampler interface and several sampler implementations, such as SplitSampler and RandomSampler. The InputSampler cluster plays a crucial role in the overall MapReduce system, as it helps in distributing data evenly across the cluster for efficient processing."
43,org.apache.hadoop.mapreduce.lib.partition.TotalOrderPartitioner,TotalOrderPartitioner: A Scalable and Fault-Tolerant Architecture for Hadoop MapReduce,
44,org.apache.hadoop.mapreduce.security.IntermediateEncryptedStream; org.apache.hadoop.mapreduce.security.SpillCallBackPathsFinder,Apache Hadoop MapReduce - Cluster 44,"This cluster contains classes related to intermediate encryption in Apache Hadoop MapReduce. The main components include IntermediateEncryptedStream, which wraps output and input streams with encryption, and SpillCallBackPathsFinder, which keeps track of spilled files and their positions. The cluster achieves scalability, maintainability, and fault-tolerance by providing encryption for intermediate files, which helps protect data in transit and at rest. The use of Java and Hadoop technologies ensures compatibility with the MapReduce framework. The cluster plays a crucial role in securing data during processing and storage in the Hadoop ecosystem."
45,org.apache.hadoop.mapreduce.security.token.JobTokenIdentifier; org.apache.hadoop.mapreduce.security.token.JobTokenSecretManager; org.apache.hadoop.mapreduce.security.token.JobTokenSelector,Apache Hadoop MapReduce - Cluster 45,
46,org.apache.hadoop.mapreduce.security.token.delegation.DelegationTokenSecretManager; org.apache.hadoop.mapreduce.security.token.delegation.DelegationTokenSelector,MapReduce Cluster 46: Delegation Token Management,
47,org.apache.hadoop.mapreduce.task.reduce.Fetcher,Apache Hadoop MapReduce Fetcher,"The Apache Hadoop MapReduce Fetcher is a Java class that extends the SubjectInheritingThread class and is responsible for fetching shuffle data from remote sources. It contains various methods and variables for handling shuffle data, such as copyIdentifier(), copyFailed(), createBaseConnectionURL(), createHttpConnection(), checkResponseCode(), getConnectionTimeout(), getReadTimeout(), getFetchRetryDelay(), and getFetchRetryTimeout(). The Fetcher class is part of the Apache Hadoop project and is used to fetch data from remote sources. It is a Java class that extends the SubjectInheritingThread class and contains various methods and variables for handling shuffle data. The class has a constructor that takes in a JobConf object, a TaskAttemptID object, a ShuffleSchedulerImpl object, a MergeManager object, a Reporter object, a ShuffleClientMetrics object, an ExceptionReporter object, and a SecretKey object. It initializes various counters and variables for error handling and data fetching. The run() method is the main execution method of the Fetcher class. It contains a while loop that fetches data from a remote source and processes it. The fetch() method is responsible for making a connection to the remote source, reading data, and handling any errors. The copyIdentifier() and copyFailed() methods are used to handle shuffle errors and report them to the scheduler. The class also contains various helper methods for handling shuffle data, such as createBaseConnectionURL(),"
48,org.apache.hadoop.mapreduce.task.reduce.MapHost; org.apache.hadoop.mapreduce.task.reduce.ShuffleSchedulerImpl,MapReduce Cluster for Scalable Data Processing,"This MapReduce cluster is designed for scalable data processing using Java, Hadoop, YARN, Avro, and Protocol Buffers. It consists of a MapHost class for managing map task assignments, a ShuffleSchedulerImpl class for handling shuffle failures and reporting shuffle progress, and a Referee class for monitoring shuffle progress and imposing penalties on map tasks that fail to shuffle within a specified time limit. The cluster achieves scalability, maintainability, fault-tolerance, and security by efficiently managing map task assignments and handling shuffle failures in a distributed computing environment."
49,org.apache.hadoop.mapreduce.task.reduce.MergeManagerImpl; org.apache.hadoop.mapreduce.task.reduce.MergeThread,MergeManagerImpl and MergeThread,"MergeManagerImpl is a Java class that implements a MergeManager for shuffle and merge operations in a MapReduce task. It handles the merging of in-memory and on-disk map outputs, as well as the optional use of a combiner class during the in-memory merge. MergeThread is a Java class that is responsible for merging segments of data. It maintains a list of pending segments to be merged and provides methods to start a merge and wait for the merge to complete. The MergeManager and MergeThread classes work together to efficiently and effectively merge segments of data in a MapReduce task."
